{"stats":{"minecraft:picked_up":{"minecraft:crafting_table":3,"minecraft:coarse_dirt":1,"minecraft:purple_wool":13,"minecraft:chicken":1,"vampirism:item_tent":2,"minecraft:leather":11,"minecraft:enchanted_book":1,"minecraft:oak_log":4,"roost:roost_shank":2,"minecraft:chain":2,"alexsmobs:gazelle_horn":2,"iceandfire:manuscript":11,"minecraft:dirt":6,"minecraft:lantern":3,"minecraft:white_banner":2,"minecraft:iron_axe":3,"minecraft:iron_leggings":1,"minecraft:purple_carpet":1,"minecraft:bone":31,"minecraft:purple_banner":19,"roost:roost_feather":34,"minecraft:kelp":14,"minecraft:wheat_seeds":4,"minecraft:gold_nugget":2,"guideapi_vp:vampirism-guidebook":1,"minecraft:iron_ingot":8,"minecraft:beef":22,"minecraft:stone_pickaxe":1,"minecraft:cobweb":5,"weaponmaster:tutorialbook":2,"minecraft:chest":7,"minecraft:iron_sword":1,"minecraft:oak_planks":7,"minecraft:iron_boots":1,"minecraft:stick":11,"iceandfire:ghost_chest":2,"roost:grub":5,"minecraft:porkchop":33,"vampirism:crucifix_normal":2,"minecraft:spruce_log":3,"minecraft:dark_oak_fence_gate":7,"alexsmobs:animal_dictionary":1,"minecraft:arrow":2,"minecraft:decorated_pot":2,"minecraft:stone_axe":1,"waystones:waystone":1,"minecraft:hay_block":18,"minecraft:gold_ingot":9,"minecraft:emerald":24,"minecraft:oak_sapling":11,"minecraft:blaze_rod":2,"minecraft:obsidian":3,"minecraft:mutton":26,"minecraft:coal":1,"minecraft:skeleton_skull":1,"minecraft:white_wool":19,"minecraft:cobblestone":16},"minecraft:killed_by":{"minecraft:creeper":1,"iceandfire:ghost":1,"iceandfire:fire_dragon":3},"minecraft:killed":{"vampirism:vampire":1,"roost:roost_rider":1,"minecraft:pig":15,"minecraft:sheep":16,"minecraft:skeleton":1,"minecraft:chicken":1,"alexsmobs:gazelle":1,"vampirism:converted_sheep":1,"minecraft:cow":12},"minecraft:crafted":{"minecraft:oak_planks":16,"minecraft:crafting_table":2,"minecraft:spruce_planks":12,"minecraft:wooden_pickaxe":1,"minecraft:stone_axe":1,"minecraft:iron_axe":1,"minecraft:stick":8,"minecraft:stone_pickaxe":1,"minecraft:wooden_axe":1},"minecraft:custom":{"minecraft:interact_with_smithing_table":1,"minecraft:mob_kills":49,"minecraft:interact_with_crafting_table":4,"minecraft:open_barrel":8,"minecraft:damage_dealt_resisted":54,"minecraft:interact_with_grindstone":1,"minecraft:leave_game":8,"minecraft:time_since_death":24389,"minecraft:climb_one_cm":945,"vampirism:interact_alchemical_cauldron":1,"minecraft:time_since_rest":24419,"minecraft:sprint_one_cm":290303,"minecraft:damage_taken":2108,"minecraft:walk_one_cm":262107,"minecraft:drop":16,"minecraft:damage_dealt":5385,"minecraft:swim_one_cm":5839,"minecraft:fly_one_cm":497930,"minecraft:open_chest":23,"minecraft:crouch_one_cm":9944,"minecraft:play_time":64559,"minecraft:deaths":7,"minecraft:sneak_time":2410,"minecraft:walk_under_water_one_cm":3498,"minecraft:interact_with_lectern":1,"minecraft:interact_with_brewingstand":1,"minecraft:jump":2613,"minecraft:walk_on_water_one_cm":2750,"minecraft:total_world_time":64559,"minecraft:fall_one_cm":85924},"minecraft:used":{"minecraft:stone_pickaxe":14,"minecraft:oak_planks":2,"minecraft:wooden_pickaxe":6,"minecraft:iron_sword":14,"minecraft:white_wool":2,"minecraft:dirt":6,"roost:roost_shank":2,"minecraft:mutton":8,"minecraft:crafting_table":2,"minecraft:dark_oak_fence_gate":2,"vampirism:item_tent":2,"minecraft:wooden_axe":2,"minecraft:lantern":1,"minecraft:iron_axe":72,"minecraft:chicken":1,"minecraft:bread":2,"minecraft:stone_axe":18,"minecraft:cobblestone":1,"minecraft:beef":18,"minecraft:oak_sapling":2,"minecraft:porkchop":6,"minecraft:purple_wool":5},"minecraft:dropped":{"minecraft:wheat_seeds":3,"minecraft:golden_helmet":1,"minecraft:golden_pickaxe":1,"weaponmaster:tutorialbook":1,"minecraft:purple_banner":4,"minecraft:golden_axe":1,"minecraft:dark_oak_fence_gate":1,"minecraft:coal":1,"minecraft:stick":4,"iceandfire:ghost_chest":1,"minecraft:arrow":2,"minecraft:wooden_pickaxe":1,"minecraft:bone":1},"minecraft:mined":{"minecraft:acacia_leaves":1,"minecraft:kelp_plant":1,"biomesoplenty:desert_grass":1,"minecraft:crafting_table":2,"minecraft:grass_block":6,"minecraft:decorated_pot":1,"iceandfire:ghost_chest":1,"minecraft:chest":7,"minecraft:tall_grass":17,"minecraft:spruce_leaves":1,"minecraft:kelp":4,"minecraft:skeleton_skull":1,"minecraft:purple_wool":6,"minecraft:hay_block":18,"minecraft:coarse_dirt":1,"minecraft:fire":11,"minecraft:spruce_log":3,"minecraft:dark_oak_fence_gate":3,"vampirism:tent":2,"minecraft:grass":29,"minecraft:oak_log":4,"minecraft:dirt":3,"minecraft:stone":16,"minecraft:oak_leaves":8,"minecraft:suspicious_gravel":1}},"DataVersion":3465}