{"stats":{"minecraft:killed_by":{"iceandfire:ghost":1},"minecraft:mined":{"minecraft:acacia_leaves":1,"minecraft:kelp_plant":1,"vampirism:tent":2,"minecraft:crafting_table":1,"minecraft:grass":3,"minecraft:grass_block":1,"minecraft:oak_log":3,"minecraft:decorated_pot":1,"minecraft:chest":7,"minecraft:dirt":3,"minecraft:tall_grass":6,"minecraft:stone":16,"minecraft:kelp":4,"minecraft:oak_leaves":6,"minecraft:suspicious_gravel":1},"minecraft:picked_up":{"minecraft:stick":2,"minecraft:crafting_table":2,"vampirism:item_tent":2,"minecraft:porkchop":6,"minecraft:oak_log":3,"minecraft:chain":2,"iceandfire:manuscript":5,"minecraft:dirt":4,"alexsmobs:gazelle_horn":2,"alexsmobs:animal_dictionary":1,"minecraft:iron_leggings":1,"minecraft:gold_nugget":2,"minecraft:bone":20,"minecraft:stone_axe":1,"minecraft:kelp":14,"minecraft:decorated_pot":2,"minecraft:wheat_seeds":1,"guideapi_vp:vampirism-guidebook":1,"minecraft:iron_ingot":8,"minecraft:stone_pickaxe":1,"minecraft:cobweb":5,"weaponmaster:tutorialbook":2,"minecraft:gold_ingot":9,"minecraft:iron_sword":1,"minecraft:oak_sapling":9,"minecraft:obsidian":3,"minecraft:chest":7,"minecraft:mutton":3,"minecraft:oak_planks":3,"minecraft:coal":1,"minecraft:iron_boots":1,"minecraft:white_wool":2,"minecraft:cobblestone":16},"minecraft:dropped":{"minecraft:wheat_seeds":1,"weaponmaster:tutorialbook":1,"minecraft:wooden_pickaxe":1,"minecraft:coal":1},"minecraft:killed":{"minecraft:sheep":1,"vampirism:vampire":1,"minecraft:pig":3,"alexsmobs:gazelle":1,"vampirism:converted_sheep":1},"minecraft:crafted":{"minecraft:oak_planks":12,"minecraft:crafting_table":1,"minecraft:stick":4,"minecraft:wooden_pickaxe":1,"minecraft:stone_pickaxe":1,"minecraft:stone_axe":1},"minecraft:used":{"vampirism:item_tent":2,"minecraft:stone_pickaxe":14,"minecraft:wooden_pickaxe":6,"minecraft:iron_sword":14,"minecraft:stone_axe":18,"minecraft:cobblestone":1,"minecraft:dirt":4,"minecraft:mutton":3,"minecraft:crafting_table":1,"minecraft:porkchop":6},"minecraft:custom":{"minecraft:time_since_rest":117,"minecraft:sprint_one_cm":65228,"minecraft:damage_taken":535,"minecraft:walk_one_cm":147808,"minecraft:mob_kills":7,"minecraft:drop":4,"minecraft:damage_dealt":989,"minecraft:swim_one_cm":1529,"minecraft:interact_with_crafting_table":2,"minecraft:fly_one_cm":120821,"minecraft:crouch_one_cm":4958,"minecraft:play_time":21658,"minecraft:deaths":2,"minecraft:sneak_time":1077,"minecraft:walk_under_water_one_cm":3116,"minecraft:jump":993,"minecraft:leave_game":2,"minecraft:walk_on_water_one_cm":2217,"minecraft:time_since_death":89,"minecraft:total_world_time":21658,"minecraft:fall_one_cm":25751}},"DataVersion":3465}