{"stats":{"minecraft:picked_up":{"minecraft:crafting_table":3,"minecraft:coarse_dirt":1,"minecraft:purple_wool":13,"minecraft:chicken":1,"vampirism:item_tent":2,"minecraft:leather":16,"minecraft:enchanted_book":1,"minecraft:oak_log":4,"roost:roost_shank":2,"minecraft:chain":2,"alexsmobs:gazelle_horn":2,"iceandfire:manuscript":11,"minecraft:dirt":6,"minecraft:lantern":3,"minecraft:white_banner":2,"minecraft:iron_axe":3,"minecraft:iron_leggings":1,"minecraft:purple_carpet":1,"minecraft:bone":43,"minecraft:purple_banner":19,"roost:roost_feather":34,"minecraft:kelp":14,"minecraft:wheat_seeds":5,"minecraft:gold_nugget":2,"guideapi_vp:vampirism-guidebook":1,"minecraft:iron_ingot":8,"minecraft:beef":32,"minecraft:stone_pickaxe":1,"minecraft:cobweb":5,"weaponmaster:tutorialbook":2,"minecraft:chest":7,"minecraft:iron_sword":1,"minecraft:oak_planks":7,"minecraft:iron_boots":1,"minecraft:stick":11,"iceandfire:ghost_chest":3,"roost:grub":5,"minecraft:gravel":11,"minecraft:porkchop":47,"vampirism:crucifix_normal":2,"minecraft:spruce_log":3,"minecraft:dark_oak_fence_gate":7,"alexsmobs:animal_dictionary":1,"minecraft:arrow":2,"minecraft:decorated_pot":2,"minecraft:stone_axe":1,"waystones:waystone":3,"minecraft:hay_block":18,"minecraft:gold_ingot":9,"minecraft:emerald":24,"minecraft:dark_oak_fence":2,"minecraft:oak_sapling":11,"minecraft:blaze_rod":2,"minecraft:obsidian":3,"minecraft:mutton":34,"minecraft:coal":1,"minecraft:skeleton_skull":1,"minecraft:white_wool":24,"minecraft:cobblestone":16},"minecraft:killed_by":{"minecraft:creeper":1,"iceandfire:ghost":1,"iceandfire:fire_dragon":3},"minecraft:killed":{"vampirism:vampire":1,"roost:roost_rider":1,"minecraft:pig":22,"minecraft:sheep":21,"minecraft:skeleton":1,"minecraft:pillager":1,"minecraft:zombie":1,"minecraft:chicken":1,"alexsmobs:gazelle":1,"vampirism:converted_sheep":1,"minecraft:cow":16},"minecraft:crafted":{"minecraft:oak_planks":16,"minecraft:crafting_table":2,"minecraft:spruce_planks":12,"minecraft:wooden_pickaxe":1,"minecraft:stone_axe":1,"minecraft:iron_axe":1,"minecraft:stick":8,"minecraft:stone_pickaxe":1,"minecraft:wooden_axe":1},"minecraft:custom":{"minecraft:interact_with_smithing_table":1,"minecraft:mob_kills":68,"minecraft:interact_with_crafting_table":4,"minecraft:open_barrel":8,"minecraft:damage_dealt_resisted":54,"minecraft:interact_with_grindstone":1,"minecraft:leave_game":8,"minecraft:time_since_death":1420,"minecraft:climb_one_cm":945,"vampirism:interact_alchemical_cauldron":1,"minecraft:time_since_rest":1465,"minecraft:sprint_one_cm":368989,"minecraft:damage_taken":2644,"minecraft:walk_one_cm":286713,"minecraft:drop":18,"minecraft:damage_dealt":7539,"minecraft:swim_one_cm":12074,"minecraft:fly_one_cm":625022,"minecraft:open_chest":25,"minecraft:crouch_one_cm":13503,"minecraft:play_time":76559,"minecraft:deaths":8,"minecraft:sneak_time":3103,"minecraft:walk_under_water_one_cm":3643,"minecraft:interact_with_lectern":1,"minecraft:interact_with_brewingstand":1,"minecraft:jump":3072,"minecraft:walk_on_water_one_cm":3506,"minecraft:total_world_time":76559,"minecraft:fall_one_cm":108652},"minecraft:used":{"minecraft:stone_pickaxe":14,"minecraft:oak_planks":2,"minecraft:wooden_pickaxe":6,"minecraft:iron_sword":14,"minecraft:white_wool":7,"minecraft:dirt":6,"roost:roost_shank":2,"minecraft:mutton":26,"minecraft:crafting_table":2,"minecraft:dark_oak_fence_gate":2,"vampirism:item_tent":2,"minecraft:wooden_axe":2,"minecraft:lantern":1,"minecraft:iron_axe":110,"minecraft:chicken":1,"minecraft:bread":3,"minecraft:stone_axe":18,"minecraft:cobblestone":1,"minecraft:beef":18,"minecraft:dark_oak_fence":2,"minecraft:oak_sapling":2,"minecraft:porkchop":9,"minecraft:golden_pickaxe":30,"minecraft:purple_wool":5},"minecraft:dropped":{"minecraft:wheat_seeds":4,"minecraft:golden_helmet":1,"minecraft:golden_pickaxe":1,"weaponmaster:tutorialbook":1,"minecraft:purple_banner":4,"minecraft:golden_axe":1,"minecraft:dark_oak_fence_gate":1,"minecraft:coal":1,"minecraft:stick":4,"iceandfire:ghost_chest":1,"vampirism:oil_bottle":1,"minecraft:arrow":2,"minecraft:wooden_pickaxe":1,"minecraft:bone":1},"minecraft:mined":{"minecraft:acacia_leaves":1,"minecraft:kelp_plant":1,"biomesoplenty:desert_grass":1,"minecraft:crafting_table":2,"minecraft:dark_oak_fence":6,"minecraft:grass_block":6,"minecraft:decorated_pot":1,"iceandfire:ghost_chest":2,"minecraft:chest":7,"minecraft:tall_grass":18,"minecraft:spruce_leaves":1,"minecraft:kelp":4,"minecraft:skeleton_skull":1,"minecraft:purple_wool":6,"minecraft:hay_block":18,"minecraft:coarse_dirt":1,"minecraft:fire":11,"minecraft:spruce_log":3,"minecraft:andesite":8,"minecraft:dark_oak_fence_gate":3,"vampirism:tent":2,"minecraft:grass":30,"minecraft:oak_log":4,"minecraft:gravel":11,"biomesoplenty:fir_leaves":2,"minecraft:dirt":3,"minecraft:smooth_basalt":4,"minecraft:stone":22,"minecraft:oak_leaves":8,"minecraft:suspicious_gravel":1}},"DataVersion":3465}