{"stats":{"minecraft:killed_by":{"minecraft:creeper":1,"iceandfire:ghost":1},"minecraft:mined":{"minecraft:acacia_leaves":1,"minecraft:kelp_plant":1,"biomesoplenty:desert_grass":1,"minecraft:crafting_table":2,"minecraft:grass_block":1,"minecraft:decorated_pot":1,"minecraft:chest":7,"minecraft:tall_grass":6,"minecraft:spruce_leaves":1,"minecraft:kelp":4,"minecraft:spruce_log":3,"vampirism:tent":2,"minecraft:grass":9,"minecraft:oak_log":3,"minecraft:dirt":3,"minecraft:stone":16,"minecraft:oak_leaves":6,"minecraft:suspicious_gravel":1},"minecraft:picked_up":{"minecraft:crafting_table":3,"minecraft:chicken":1,"vampirism:item_tent":2,"minecraft:oak_log":3,"minecraft:chain":2,"alexsmobs:gazelle_horn":2,"iceandfire:manuscript":5,"minecraft:dirt":4,"minecraft:iron_leggings":1,"minecraft:bone":20,"minecraft:kelp":14,"minecraft:wheat_seeds":1,"minecraft:gold_nugget":2,"guideapi_vp:vampirism-guidebook":1,"minecraft:iron_ingot":8,"minecraft:stone_pickaxe":1,"minecraft:cobweb":5,"weaponmaster:tutorialbook":2,"minecraft:chest":7,"minecraft:oak_planks":3,"minecraft:iron_sword":1,"minecraft:iron_boots":1,"minecraft:stick":2,"minecraft:porkchop":6,"minecraft:spruce_log":3,"alexsmobs:animal_dictionary":1,"minecraft:decorated_pot":2,"minecraft:stone_axe":1,"minecraft:gold_ingot":9,"minecraft:oak_sapling":9,"minecraft:mutton":3,"minecraft:obsidian":3,"minecraft:coal":1,"minecraft:white_wool":2,"minecraft:cobblestone":16},"minecraft:dropped":{"minecraft:wheat_seeds":1,"weaponmaster:tutorialbook":1,"minecraft:coal":1,"minecraft:wooden_pickaxe":1},"minecraft:killed":{"vampirism:vampire":1,"minecraft:pig":3,"minecraft:sheep":1,"minecraft:chicken":1,"alexsmobs:gazelle":1,"vampirism:converted_sheep":1},"minecraft:used":{"minecraft:stone_pickaxe":14,"minecraft:wooden_pickaxe":6,"minecraft:iron_sword":14,"minecraft:dirt":4,"minecraft:mutton":3,"minecraft:crafting_table":2,"minecraft:wooden_axe":2,"vampirism:item_tent":2,"minecraft:chicken":1,"minecraft:stone_axe":18,"minecraft:cobblestone":1,"minecraft:porkchop":6},"minecraft:custom":{"minecraft:mob_kills":8,"minecraft:interact_with_crafting_table":3,"minecraft:leave_game":3,"minecraft:time_since_death":45,"minecraft:climb_one_cm":217,"minecraft:time_since_rest":92,"minecraft:sprint_one_cm":114739,"minecraft:damage_taken":820,"minecraft:walk_one_cm":175776,"minecraft:drop":4,"minecraft:damage_dealt":1029,"minecraft:swim_one_cm":1529,"minecraft:fly_one_cm":156262,"minecraft:crouch_one_cm":5202,"minecraft:play_time":28185,"minecraft:deaths":3,"minecraft:sneak_time":1132,"minecraft:walk_under_water_one_cm":3116,"minecraft:jump":1196,"minecraft:walk_on_water_one_cm":2217,"minecraft:total_world_time":28185,"minecraft:fall_one_cm":31182},"minecraft:crafted":{"minecraft:oak_planks":12,"minecraft:crafting_table":2,"minecraft:spruce_planks":12,"minecraft:wooden_pickaxe":1,"minecraft:stone_axe":1,"minecraft:stick":8,"minecraft:stone_pickaxe":1,"minecraft:wooden_axe":1}},"DataVersion":3465}