{"stats":{"minecraft:picked_up":{"minecraft:crafting_table":3,"minecraft:coarse_dirt":1,"minecraft:purple_wool":3,"minecraft:chicken":1,"vampirism:item_tent":2,"roost:roost_shank":2,"minecraft:oak_log":4,"minecraft:chain":2,"alexsmobs:gazelle_horn":2,"iceandfire:manuscript":5,"minecraft:dirt":4,"minecraft:iron_leggings":1,"minecraft:bone":20,"minecraft:purple_banner":1,"minecraft:kelp":14,"minecraft:wheat_seeds":2,"minecraft:gold_nugget":2,"guideapi_vp:vampirism-guidebook":1,"minecraft:beef":1,"minecraft:iron_ingot":8,"minecraft:stone_pickaxe":1,"minecraft:cobweb":5,"weaponmaster:tutorialbook":2,"minecraft:chest":7,"minecraft:oak_planks":3,"minecraft:iron_sword":1,"minecraft:iron_boots":1,"minecraft:stick":3,"minecraft:porkchop":6,"minecraft:spruce_log":3,"minecraft:dark_oak_fence_gate":1,"alexsmobs:animal_dictionary":1,"minecraft:stone_axe":1,"minecraft:decorated_pot":2,"minecraft:emerald":3,"minecraft:gold_ingot":9,"minecraft:oak_sapling":11,"minecraft:mutton":6,"minecraft:obsidian":3,"minecraft:coal":1,"minecraft:white_wool":4,"minecraft:cobblestone":16},"minecraft:killed_by":{"minecraft:creeper":1,"iceandfire:ghost":1},"minecraft:killed":{"vampirism:vampire":1,"roost:roost_rider":1,"minecraft:pig":3,"minecraft:sheep":3,"minecraft:chicken":1,"alexsmobs:gazelle":1,"vampirism:converted_sheep":1,"minecraft:cow":1},"minecraft:crafted":{"minecraft:oak_planks":16,"minecraft:crafting_table":2,"minecraft:spruce_planks":12,"minecraft:wooden_pickaxe":1,"minecraft:stone_axe":1,"minecraft:iron_axe":1,"minecraft:stick":8,"minecraft:stone_pickaxe":1,"minecraft:wooden_axe":1},"minecraft:custom":{"minecraft:mob_kills":12,"minecraft:interact_with_crafting_table":4,"minecraft:leave_game":5,"minecraft:time_since_death":11008,"minecraft:climb_one_cm":431,"minecraft:time_since_rest":11055,"minecraft:sprint_one_cm":163872,"minecraft:damage_taken":1005,"minecraft:walk_one_cm":206847,"minecraft:drop":5,"minecraft:damage_dealt":1654,"minecraft:swim_one_cm":3781,"minecraft:fly_one_cm":245663,"minecraft:open_chest":11,"minecraft:crouch_one_cm":8405,"minecraft:play_time":39148,"minecraft:deaths":3,"minecraft:sneak_time":1857,"minecraft:walk_under_water_one_cm":3382,"minecraft:jump":1621,"minecraft:walk_on_water_one_cm":2523,"minecraft:total_world_time":39148,"minecraft:fall_one_cm":43941},"minecraft:used":{"minecraft:stone_pickaxe":14,"minecraft:wooden_pickaxe":6,"minecraft:iron_sword":14,"roost:roost_shank":2,"minecraft:dirt":4,"minecraft:mutton":6,"minecraft:crafting_table":2,"minecraft:wooden_axe":2,"vampirism:item_tent":2,"minecraft:iron_axe":9,"minecraft:chicken":1,"minecraft:stone_axe":18,"minecraft:cobblestone":1,"minecraft:beef":1,"minecraft:oak_sapling":2,"minecraft:porkchop":6,"minecraft:purple_wool":1},"minecraft:dropped":{"minecraft:wheat_seeds":2,"weaponmaster:tutorialbook":1,"minecraft:coal":1,"minecraft:wooden_pickaxe":1},"minecraft:mined":{"minecraft:acacia_leaves":1,"minecraft:kelp_plant":1,"biomesoplenty:desert_grass":1,"minecraft:crafting_table":2,"minecraft:grass_block":2,"minecraft:decorated_pot":1,"minecraft:chest":7,"minecraft:tall_grass":16,"minecraft:spruce_leaves":1,"minecraft:kelp":4,"minecraft:purple_wool":6,"minecraft:coarse_dirt":1,"minecraft:spruce_log":3,"minecraft:dark_oak_fence_gate":3,"vampirism:tent":2,"minecraft:grass":20,"minecraft:oak_log":4,"minecraft:dirt":3,"minecraft:stone":16,"minecraft:oak_leaves":8,"minecraft:suspicious_gravel":1}},"DataVersion":3465}