{"stats":{"minecraft:picked_up":{"minecraft:crafting_table":3,"minecraft:coarse_dirt":1,"minecraft:purple_wool":13,"minecraft:chicken":1,"vampirism:item_tent":2,"roost:roost_shank":2,"minecraft:oak_log":4,"minecraft:chain":2,"alexsmobs:gazelle_horn":2,"iceandfire:manuscript":5,"minecraft:dirt":4,"minecraft:lantern":3,"minecraft:white_banner":2,"minecraft:iron_axe":3,"minecraft:iron_leggings":1,"minecraft:purple_carpet":1,"minecraft:bone":20,"minecraft:purple_banner":19,"roost:roost_feather":30,"minecraft:kelp":14,"minecraft:wheat_seeds":4,"minecraft:gold_nugget":2,"guideapi_vp:vampirism-guidebook":1,"minecraft:beef":1,"minecraft:iron_ingot":8,"minecraft:stone_pickaxe":1,"minecraft:cobweb":5,"weaponmaster:tutorialbook":2,"minecraft:chest":7,"minecraft:oak_planks":7,"minecraft:iron_sword":1,"minecraft:iron_boots":1,"minecraft:stick":9,"roost:grub":5,"minecraft:porkchop":6,"minecraft:spruce_log":3,"minecraft:dark_oak_fence_gate":7,"alexsmobs:animal_dictionary":1,"minecraft:stone_axe":1,"minecraft:decorated_pot":2,"minecraft:emerald":24,"minecraft:gold_ingot":9,"minecraft:oak_sapling":11,"minecraft:mutton":6,"minecraft:obsidian":3,"minecraft:coal":1,"minecraft:white_wool":6,"minecraft:cobblestone":16},"minecraft:killed_by":{"minecraft:creeper":1,"iceandfire:ghost":1,"iceandfire:fire_dragon":3},"minecraft:killed":{"vampirism:vampire":1,"roost:roost_rider":1,"minecraft:pig":3,"minecraft:sheep":3,"minecraft:chicken":1,"alexsmobs:gazelle":1,"vampirism:converted_sheep":1,"minecraft:cow":1},"minecraft:crafted":{"minecraft:oak_planks":16,"minecraft:crafting_table":2,"minecraft:spruce_planks":12,"minecraft:wooden_pickaxe":1,"minecraft:stone_axe":1,"minecraft:iron_axe":1,"minecraft:stick":8,"minecraft:stone_pickaxe":1,"minecraft:wooden_axe":1},"minecraft:custom":{"minecraft:mob_kills":12,"minecraft:interact_with_crafting_table":4,"minecraft:leave_game":6,"minecraft:time_since_death":1409,"minecraft:climb_one_cm":431,"minecraft:time_since_rest":1439,"minecraft:sprint_one_cm":179321,"minecraft:damage_taken":1825,"minecraft:walk_one_cm":213721,"minecraft:drop":8,"minecraft:damage_dealt":1753,"minecraft:swim_one_cm":3781,"minecraft:fly_one_cm":264416,"minecraft:open_chest":12,"minecraft:crouch_one_cm":8649,"minecraft:play_time":41579,"minecraft:deaths":7,"minecraft:sneak_time":1973,"minecraft:walk_under_water_one_cm":3382,"minecraft:jump":1672,"minecraft:walk_on_water_one_cm":2523,"minecraft:total_world_time":41579,"minecraft:fall_one_cm":46547},"minecraft:used":{"minecraft:stone_pickaxe":14,"minecraft:oak_planks":2,"minecraft:wooden_pickaxe":6,"minecraft:iron_sword":14,"minecraft:white_wool":2,"roost:roost_shank":2,"minecraft:dirt":4,"minecraft:mutton":6,"minecraft:crafting_table":2,"minecraft:dark_oak_fence_gate":1,"minecraft:wooden_axe":2,"vampirism:item_tent":2,"minecraft:iron_axe":17,"minecraft:chicken":1,"minecraft:stone_axe":18,"minecraft:cobblestone":1,"minecraft:beef":1,"minecraft:oak_sapling":2,"minecraft:porkchop":6,"minecraft:purple_wool":5},"minecraft:dropped":{"minecraft:wheat_seeds":3,"weaponmaster:tutorialbook":1,"minecraft:purple_banner":4,"minecraft:dark_oak_fence_gate":1,"minecraft:coal":1,"minecraft:wooden_pickaxe":1},"minecraft:mined":{"minecraft:acacia_leaves":1,"minecraft:kelp_plant":1,"biomesoplenty:desert_grass":1,"minecraft:crafting_table":2,"minecraft:grass_block":2,"minecraft:decorated_pot":1,"minecraft:chest":7,"minecraft:tall_grass":17,"minecraft:spruce_leaves":1,"minecraft:kelp":4,"minecraft:purple_wool":6,"minecraft:coarse_dirt":1,"minecraft:fire":11,"minecraft:spruce_log":3,"minecraft:dark_oak_fence_gate":3,"vampirism:tent":2,"minecraft:grass":24,"minecraft:oak_log":4,"minecraft:dirt":3,"minecraft:stone":16,"minecraft:oak_leaves":8,"minecraft:suspicious_gravel":1}},"DataVersion":3465}