{"stats":{"minecraft:mined":{"minecraft:acacia_leaves":1,"minecraft:kelp_plant":1,"vampirism:tent":2,"minecraft:crafting_table":1,"minecraft:grass":2,"minecraft:oak_log":3,"minecraft:decorated_pot":1,"minecraft:tall_grass":4,"minecraft:stone":6,"minecraft:kelp":4,"minecraft:oak_leaves":6,"minecraft:suspicious_gravel":1},"minecraft:picked_up":{"minecraft:crafting_table":1,"vampirism:item_tent":2,"minecraft:oak_log":3,"alexsmobs:gazelle_horn":1,"minecraft:kelp":7,"minecraft:decorated_pot":1,"weaponmaster:tutorialbook":1,"minecraft:oak_sapling":4,"minecraft:oak_planks":1,"minecraft:coal":1,"minecraft:cobblestone":6},"minecraft:dropped":{"weaponmaster:tutorialbook":1,"minecraft:wooden_pickaxe":1,"minecraft:coal":1},"minecraft:killed":{"alexsmobs:gazelle":1},"minecraft:crafted":{"minecraft:oak_planks":12,"minecraft:crafting_table":1,"minecraft:stick":4,"minecraft:wooden_pickaxe":1,"minecraft:stone_pickaxe":1,"minecraft:stone_axe":1},"minecraft:used":{"vampirism:item_tent":2,"minecraft:wooden_pickaxe":6,"minecraft:stone_axe":6,"minecraft:crafting_table":1},"minecraft:custom":{"minecraft:time_since_rest":9658,"minecraft:sprint_one_cm":23836,"minecraft:damage_taken":30,"minecraft:walk_one_cm":90102,"minecraft:mob_kills":1,"minecraft:drop":3,"minecraft:damage_dealt":80,"minecraft:interact_with_crafting_table":2,"minecraft:fly_one_cm":45386,"minecraft:crouch_one_cm":2063,"minecraft:play_time":9658,"minecraft:sneak_time":253,"minecraft:walk_under_water_one_cm":2574,"minecraft:jump":463,"minecraft:leave_game":2,"minecraft:walk_on_water_one_cm":2054,"minecraft:time_since_death":9658,"minecraft:total_world_time":9658,"minecraft:fall_one_cm":12024}},"DataVersion":3465}