{"stats":{"minecraft:mined":{"minecraft:grass":9,"minecraft:grass_block":5,"minecraft:acacia_leaves":1,"minecraft:dirt":9,"minecraft:tall_grass":12,"minecraft:azalea":1,"minecraft:oak_leaves":1},"minecraft:picked_up":{"minecraft:dirt":9,"minecraft:cobblestone":2},"minecraft:dropped":{"alexsmobs:animal_dictionary":1},"minecraft:used":{"minecraft:dirt":7},"minecraft:custom":{"minecraft:time_since_rest":2059,"minecraft:crouch_one_cm":467,"minecraft:sprint_one_cm":67656,"minecraft:play_time":18227,"minecraft:damage_taken":2092,"minecraft:deaths":9,"minecraft:walk_one_cm":15948,"minecraft:sneak_time":574,"minecraft:walk_under_water_one_cm":2759,"minecraft:drop":1,"minecraft:jump":473,"minecraft:damage_dealt":44,"minecraft:leave_game":13,"minecraft:time_since_death":1093,"minecraft:walk_on_water_one_cm":4930,"minecraft:climb_one_cm":12,"minecraft:total_world_time":18227,"minecraft:swim_one_cm":40606,"minecraft:fall_one_cm":22939,"minecraft:fly_one_cm":126378}},"DataVersion":3465}