{"stats":{"minecraft:picked_up":{"minecraft:stick":2,"minecraft:crafting_table":1,"vampirism:item_tent":2,"minecraft:salmon":7,"minecraft:acacia_log":1,"minecraft:oak_log":7,"alexsmobs:gazelle_horn":1,"minecraft:dirt":18,"minecraft:apple":1,"minecraft:rotten_flesh":2,"waystones:waystone":1,"minecraft:rose_bush":7,"minecraft:azalea":3,"minecraft:coal":1,"minecraft:mutton":1,"alexsmobs:lobster_tail":2,"minecraft:white_wool":1,"minecraft:cobblestone":24,"minecraft:furnace":2},"minecraft:killed_by":{"minecraft:zombie_villager":1,"minecraft:skeleton":1},"minecraft:killed":{"minecraft:sheep":1,"alexsmobs:lobster":2,"minecraft:zombie":1,"alexsmobs:gazelle":1,"alexsmobs:maned_wolf":1,"minecraft:salmon":7},"minecraft:crafted":{"minecraft:oak_planks":24,"minecraft:charcoal":1,"minecraft:crafting_table":1,"minecraft:stick":4,"minecraft:cooked_salmon":2,"minecraft:furnace":1,"minecraft:cooked_mutton":0,"minecraft:air":0},"minecraft:custom":{"minecraft:time_since_rest":13692,"minecraft:waystone_activated":1,"minecraft:interact_with_furnace":5,"minecraft:sprint_one_cm":143715,"minecraft:damage_taken":2572,"minecraft:walk_one_cm":43787,"minecraft:mob_kills":13,"minecraft:drop":3,"minecraft:damage_dealt":872,"minecraft:swim_one_cm":113087,"minecraft:interact_with_crafting_table":2,"minecraft:fly_one_cm":168959,"minecraft:crouch_one_cm":500,"minecraft:play_time":38434,"minecraft:deaths":11,"minecraft:sneak_time":680,"minecraft:walk_under_water_one_cm":15144,"minecraft:jump":785,"minecraft:leave_game":17,"minecraft:walk_on_water_one_cm":14568,"minecraft:time_since_death":13634,"minecraft:total_world_time":38434,"minecraft:climb_one_cm":12,"minecraft:fall_one_cm":33348},"minecraft:used":{"minecraft:cooked_mutton":1,"minecraft:apple":1,"alexsmobs:lobster_tail":2,"minecraft:stone_pickaxe":10,"minecraft:wooden_pickaxe":16,"minecraft:cooked_salmon":1,"minecraft:rotten_flesh":2,"minecraft:stone_axe":40,"minecraft:dirt":13,"minecraft:crafting_table":1,"minecraft:furnace":3},"minecraft:dropped":{"alexsmobs:animal_dictionary":1,"minecraft:rose_bush":4},"minecraft:mined":{"minecraft:acacia_leaves":4,"minecraft:furnace":2,"treechop:chopped_log":1,"vampirism:tent":2,"minecraft:crafting_table":1,"minecraft:grass":13,"minecraft:acacia_log":1,"minecraft:grass_block":8,"minecraft:oak_log":1,"minecraft:rose_bush":3,"minecraft:dirt":15,"minecraft:tall_grass":18,"minecraft:azalea":1,"minecraft:stone":22,"minecraft:oak_leaves":5}},"DataVersion":3465}