{"stats":{"minecraft:picked_up":{"vampirism:garlic_diffuser_improved":1,"minecraft:crafting_table":1,"minecraft:iron_chestplate":1,"vampirism:item_tent":4,"minecraft:salmon":7,"minecraft:wooden_pickaxe":1,"minecraft:gold_block":1,"minecraft:oak_log":11,"minecraft:gunpowder":1,"alexsmobs:gazelle_horn":13,"minecraft:blue_bed":2,"minecraft:dirt":27,"minecraft:iron_axe":1,"minecraft:cooked_salmon":6,"minecraft:iron_leggings":1,"minecraft:apple":1,"minecraft:stone_bricks":2,"minecraft:acacia_trapdoor":3,"vampirism:altar_pillar":8,"minecraft:stone_pickaxe":1,"minecraft:rose_bush":13,"minecraft:azalea":6,"minecraft:oak_planks":9,"minecraft:iron_sword":1,"minecraft:egg":1,"minecraft:iron_boots":1,"minecraft:furnace":5,"minecraft:stick":2,"minecraft:cooked_porkchop":12,"minecraft:acacia_log":1,"minecraft:porkchop":31,"vampirism:altar_infusion":1,"minecraft:spider_eye":1,"easy_villagers:villager":3,"alexsmobs:kangaroo_hide":1,"minecraft:arrow":4,"minecraft:rotten_flesh":5,"minecraft:stone_axe":1,"vampirism:altar_tip":4,"waystones:waystone":1,"minecraft:iron_helmet":1,"minecraft:iron_block":2,"minecraft:mutton":6,"alexsmobs:lobster_tail":2,"minecraft:coal":1,"alexsmobs:kangaroo_meat":2,"minecraft:white_wool":2,"minecraft:cobblestone":30},"minecraft:killed_by":{"minecraft:zombie_villager":1,"minecraft:player":2,"minecraft:skeleton":1},"minecraft:killed":{"alexsmobs:lobster":2,"minecraft:pig":15,"minecraft:salmon":7,"minecraft:spider":1,"minecraft:sheep":1,"minecraft:skeleton":1,"minecraft:zombie":1,"alexsmobs:gazelle":12,"alexsmobs:maned_wolf":1,"alexsmobs:kangaroo":1},"minecraft:crafted":{"minecraft:oak_planks":40,"minecraft:cooked_porkchop":22,"minecraft:crafting_table":1,"alexsmobs:cooked_kangaroo_meat":4,"minecraft:furnace":1,"minecraft:cooked_salmon":5,"minecraft:cooked_mutton":0,"minecraft:air":0,"minecraft:charcoal":1,"minecraft:stick":4},"minecraft:custom":{"minecraft:interact_with_furnace":22,"minecraft:mob_kills":42,"minecraft:open_barrel":6,"minecraft:interact_with_crafting_table":2,"minecraft:leave_game":18,"minecraft:time_since_death":29501,"minecraft:sleep_in_bed":1,"minecraft:climb_one_cm":2272,"minecraft:time_since_rest":29532,"minecraft:waystone_activated":2,"minecraft:sprint_one_cm":291212,"minecraft:damage_taken":3770,"minecraft:walk_one_cm":117679,"vampirism:interact_with_coffin":1,"minecraft:drop":17,"minecraft:damage_dealt":3890,"minecraft:swim_one_cm":124152,"minecraft:talked_to_villager":1,"minecraft:fly_one_cm":341072,"minecraft:open_chest":25,"minecraft:crouch_one_cm":2532,"minecraft:play_time":80095,"minecraft:deaths":13,"minecraft:sneak_time":2559,"minecraft:walk_under_water_one_cm":15936,"minecraft:jump":1774,"minecraft:walk_on_water_one_cm":17681,"minecraft:interact_with_smoker":2,"minecraft:total_world_time":80095,"minecraft:fall_one_cm":53391},"minecraft:used":{"minecraft:cooked_mutton":1,"minecraft:stone_pickaxe":32,"minecraft:oak_planks":8,"minecraft:wooden_pickaxe":16,"minecraft:cooked_chicken":1,"minecraft:cooked_salmon":7,"minecraft:rotten_flesh":2,"minecraft:dirt":18,"minecraft:crafting_table":1,"alexsmobs:cooked_kangaroo_meat":5,"minecraft:apple":3,"alexsmobs:lobster_tail":2,"minecraft:iron_axe":48,"minecraft:stone_axe":48,"minecraft:cobblestone":2,"minecraft:furnace":5,"minecraft:cooked_porkchop":14,"minecraft:egg":1},"minecraft:dropped":{"minecraft:stone_axe":1,"alexsmobs:gazelle_horn":12,"alexsmobs:animal_dictionary":1,"minecraft:cooked_porkchop":1,"vampirism:item_alchemical_fire":4,"minecraft:acacia_trapdoor":3,"minecraft:gunpowder":1,"minecraft:rose_bush":10,"easy_villagers:villager":1,"minecraft:stone_bricks":2,"minecraft:arrow":2,"minecraft:wooden_pickaxe":1},"minecraft:mined":{"minecraft:acacia_leaves":4,"vampirism:altar_pillar":8,"iceandfire:myrmex_desert_resin_glass":2,"minecraft:crafting_table":1,"minecraft:acacia_log":1,"minecraft:grass_block":9,"minecraft:rose_bush":3,"minecraft:tall_grass":20,"minecraft:blue_bed":2,"minecraft:furnace":4,"treechop:chopped_log":3,"vampirism:tent":2,"minecraft:grass":19,"vampirism:altar_infusion":1,"minecraft:oak_log":2,"vampirism:garlic_diffuser_improved":1,"minecraft:dirt":16,"minecraft:azalea":1,"minecraft:stone":28,"vampirism:altar_tip":4,"minecraft:oak_leaves":7}},"DataVersion":3465}