{"stats":{"minecraft:picked_up":{"minecraft:stick":2,"waystones:waystone":1,"minecraft:oak_log":6,"minecraft:azalea":3,"minecraft:dirt":13,"minecraft:cobblestone":9},"minecraft:killed_by":{"minecraft:skeleton":1,"minecraft:zombie_villager":1},"minecraft:crafted":{"minecraft:oak_planks":24,"minecraft:crafting_table":1,"minecraft:stick":4},"minecraft:custom":{"minecraft:time_since_rest":1692,"minecraft:waystone_activated":1,"minecraft:crouch_one_cm":500,"minecraft:play_time":26434,"minecraft:sprint_one_cm":91804,"minecraft:damage_taken":2412,"minecraft:deaths":11,"minecraft:walk_one_cm":28371,"minecraft:sneak_time":609,"minecraft:walk_under_water_one_cm":3322,"minecraft:drop":1,"minecraft:jump":660,"minecraft:damage_dealt":44,"minecraft:leave_game":17,"minecraft:time_since_death":1634,"minecraft:walk_on_water_one_cm":5731,"minecraft:climb_one_cm":12,"minecraft:total_world_time":26434,"minecraft:swim_one_cm":43108,"minecraft:interact_with_crafting_table":1,"minecraft:fall_one_cm":30268,"minecraft:fly_one_cm":158113},"minecraft:used":{"minecraft:dirt":9,"minecraft:crafting_table":1,"minecraft:wooden_pickaxe":7},"minecraft:dropped":{"alexsmobs:animal_dictionary":1},"minecraft:mined":{"minecraft:grass":12,"minecraft:grass_block":7,"minecraft:acacia_leaves":1,"minecraft:dirt":11,"minecraft:tall_grass":16,"minecraft:stone":7,"minecraft:azalea":1,"treechop:chopped_log":1,"minecraft:oak_leaves":3}},"DataVersion":3465}