{"stats":{"minecraft:mined":{"minecraft:grass":9,"minecraft:grass_block":5,"minecraft:acacia_leaves":1,"minecraft:dirt":9,"minecraft:tall_grass":12,"minecraft:azalea":1,"minecraft:oak_leaves":1},"minecraft:picked_up":{"minecraft:dirt":9,"minecraft:cobblestone":2},"minecraft:dropped":{"alexsmobs:animal_dictionary":1},"minecraft:used":{"minecraft:dirt":6},"minecraft:custom":{"minecraft:time_since_rest":1132,"minecraft:crouch_one_cm":426,"minecraft:sprint_one_cm":59038,"minecraft:play_time":8832,"minecraft:damage_taken":1442,"minecraft:deaths":5,"minecraft:walk_one_cm":12919,"minecraft:sneak_time":368,"minecraft:walk_under_water_one_cm":2679,"minecraft:drop":1,"minecraft:jump":405,"minecraft:damage_dealt":44,"minecraft:leave_game":9,"minecraft:time_since_death":1105,"minecraft:walk_on_water_one_cm":4411,"minecraft:climb_one_cm":12,"minecraft:total_world_time":8832,"minecraft:swim_one_cm":39131,"minecraft:fall_one_cm":21165,"minecraft:fly_one_cm":112922}},"DataVersion":3465}