{"stats":{"minecraft:picked_up":{"minecraft:iron_chestplate":1,"minecraft:crafting_table":1,"vampirism:item_tent":4,"minecraft:salmon":7,"minecraft:wooden_pickaxe":1,"minecraft:oak_log":8,"minecraft:gunpowder":1,"alexsmobs:gazelle_horn":2,"minecraft:dirt":23,"minecraft:cooked_salmon":6,"minecraft:iron_leggings":1,"minecraft:apple":1,"minecraft:acacia_trapdoor":3,"minecraft:stone_pickaxe":1,"minecraft:rose_bush":10,"minecraft:azalea":6,"minecraft:oak_planks":8,"minecraft:iron_boots":1,"minecraft:furnace":5,"minecraft:stick":2,"minecraft:cooked_porkchop":12,"minecraft:acacia_log":1,"minecraft:porkchop":14,"easy_villagers:villager":2,"minecraft:rotten_flesh":5,"minecraft:stone_axe":1,"waystones:waystone":1,"minecraft:iron_helmet":1,"minecraft:mutton":1,"minecraft:coal":1,"minecraft:white_wool":2,"alexsmobs:lobster_tail":2,"minecraft:cobblestone":28},"minecraft:killed_by":{"minecraft:zombie_villager":1,"minecraft:player":2,"minecraft:skeleton":1},"minecraft:killed":{"alexsmobs:lobster":2,"minecraft:pig":7,"minecraft:salmon":7,"minecraft:sheep":1,"minecraft:zombie":1,"alexsmobs:maned_wolf":1,"alexsmobs:gazelle":1},"minecraft:crafted":{"minecraft:oak_planks":24,"minecraft:cooked_porkchop":9,"minecraft:crafting_table":1,"minecraft:furnace":1,"minecraft:cooked_salmon":5,"minecraft:cooked_mutton":0,"minecraft:air":0,"minecraft:charcoal":1,"minecraft:stick":4},"minecraft:custom":{"minecraft:interact_with_furnace":11,"minecraft:mob_kills":20,"minecraft:interact_with_crafting_table":2,"minecraft:leave_game":17,"minecraft:time_since_death":5840,"minecraft:sleep_in_bed":1,"minecraft:climb_one_cm":12,"minecraft:time_since_rest":5871,"minecraft:waystone_activated":2,"minecraft:sprint_one_cm":213951,"minecraft:damage_taken":3315,"minecraft:walk_one_cm":83774,"vampirism:interact_with_coffin":1,"minecraft:drop":5,"minecraft:damage_dealt":1587,"minecraft:swim_one_cm":119767,"minecraft:talked_to_villager":1,"minecraft:fly_one_cm":263607,"minecraft:open_chest":11,"minecraft:crouch_one_cm":575,"minecraft:play_time":56434,"minecraft:deaths":13,"minecraft:sneak_time":879,"minecraft:walk_under_water_one_cm":15431,"minecraft:jump":1277,"minecraft:walk_on_water_one_cm":15474,"minecraft:total_world_time":56434,"minecraft:fall_one_cm":44601},"minecraft:used":{"minecraft:cooked_mutton":1,"minecraft:stone_pickaxe":16,"minecraft:wooden_pickaxe":16,"minecraft:cooked_salmon":5,"minecraft:rotten_flesh":2,"minecraft:dirt":13,"minecraft:crafting_table":1,"minecraft:apple":1,"alexsmobs:lobster_tail":2,"minecraft:stone_axe":48,"minecraft:furnace":4,"minecraft:cooked_porkchop":5},"minecraft:dropped":{"alexsmobs:animal_dictionary":1,"minecraft:cooked_porkchop":1,"minecraft:gunpowder":1,"minecraft:rose_bush":4},"minecraft:mined":{"minecraft:acacia_leaves":4,"minecraft:crafting_table":1,"minecraft:acacia_log":1,"minecraft:grass_block":8,"minecraft:rose_bush":3,"minecraft:tall_grass":18,"minecraft:furnace":4,"treechop:chopped_log":1,"vampirism:tent":2,"minecraft:grass":13,"minecraft:oak_log":1,"minecraft:dirt":16,"minecraft:azalea":1,"minecraft:stone":26,"minecraft:oak_leaves":5}},"DataVersion":3465}