{"stats":{"minecraft:killed_by":{"minecraft:zombie_villager":1},"minecraft:mined":{"minecraft:grass":9,"minecraft:grass_block":5,"minecraft:acacia_leaves":1,"minecraft:dirt":9,"minecraft:tall_grass":12,"minecraft:azalea":1,"minecraft:oak_leaves":1},"minecraft:picked_up":{"minecraft:dirt":9,"minecraft:cobblestone":2},"minecraft:dropped":{"alexsmobs:animal_dictionary":1},"minecraft:used":{"minecraft:dirt":7},"minecraft:custom":{"minecraft:time_since_rest":2636,"minecraft:crouch_one_cm":467,"minecraft:play_time":21381,"minecraft:sprint_one_cm":68875,"minecraft:damage_taken":2242,"minecraft:deaths":10,"minecraft:walk_one_cm":16749,"minecraft:sneak_time":574,"minecraft:walk_under_water_one_cm":2759,"minecraft:drop":1,"minecraft:jump":491,"minecraft:damage_dealt":44,"minecraft:leave_game":17,"minecraft:time_since_death":2039,"minecraft:walk_on_water_one_cm":4930,"minecraft:climb_one_cm":12,"minecraft:total_world_time":21381,"minecraft:swim_one_cm":40606,"minecraft:fall_one_cm":23624,"minecraft:fly_one_cm":130348}},"DataVersion":3465}