{"stats":{"minecraft:used":{"minecraft:dirt":4},"minecraft:dropped":{"alexsmobs:animal_dictionary":1},"minecraft:custom":{"minecraft:time_since_rest":277,"minecraft:crouch_one_cm":426,"minecraft:sprint_one_cm":52587,"minecraft:play_time":6196,"minecraft:damage_taken":1082,"minecraft:deaths":4,"minecraft:walk_one_cm":9471,"minecraft:sneak_time":358,"minecraft:walk_under_water_one_cm":1875,"minecraft:drop":1,"minecraft:jump":349,"minecraft:damage_dealt":44,"minecraft:leave_game":7,"minecraft:time_since_death":273,"minecraft:walk_on_water_one_cm":4182,"minecraft:climb_one_cm":12,"minecraft:total_world_time":6196,"minecraft:swim_one_cm":35755,"minecraft:fall_one_cm":18866,"minecraft:fly_one_cm":100317},"minecraft:picked_up":{"minecraft:dirt":4,"minecraft:cobblestone":2},"minecraft:mined":{"minecraft:grass":9,"minecraft:grass_block":3,"minecraft:acacia_leaves":1,"minecraft:dirt":6,"minecraft:tall_grass":10,"minecraft:azalea":1,"minecraft:oak_leaves":1}},"DataVersion":3465}