{"stats":{"minecraft:killed":{"vampirism:vampire":12,"minecraft:cave_spider":5,"minecraft:witch":3,"vampirism:advanced_vampire":3,"minecraft:spider":22,"alexsmobs:murmur":2,"minecraft:skeleton":19,"vampirism:blinding_bat":1,"vampirism:task_master_hunter":1,"minecraft:chicken":1,"minecraft:silverfish":1,"alexsmobs:kangaroo":2,"minecraft:pig":10,"minecraft:zombie_villager":2,"alexsmobs:seal":9,"minecraft:iron_golem":1,"minecraft:creeper":2,"vampirism:hunter":37,"minecraft:sheep":2,"minecraft:zombie":35,"alexsmobs:fly":1,"iceandfire:pixie":2,"iceandfire:lightning_dragon":1,"minecraft:cow":8,"roost:roost_rider":1,"alexsmobs:tasmanian_devil":2,"alexsmobs:seagull":6,"minecraft:phantom":6,"alexsmobs:flying_fish":3,"vampirism:villager_angry":3,"alexsmobs:cockroach":1,"alexsmobs:elephant":1,"iceandfire:ghost":1,"alexsmobs:gazelle":1,"minecraft:villager":1,"minecraft:enderman":2},"minecraft:used":{"iceandfire:lectern":2,"minecraft:iron_shovel":196,"vampirism:coffin_red":3,"minecraft:poppy":1,"minecraft:chest":3,"minecraft:iron_sword":438,"minecraft:grass":2,"minecraft:rotten_flesh":1,"minecraft:iron_chestplate":4,"minecraft:tuff":29,"vampirism:totem_top_crafted":4,"minecraft:red_wool":1,"minecraft:iron_helmet":3,"minecraft:oak_sapling":1,"minecraft:furnace":2,"minecraft:oak_planks":4,"minecraft:stone_pickaxe":92,"alexsmobs:flying_fish_boots":1,"vampirism:human_heart":74,"minecraft:composter":1,"minecraft:diamond_axe":389,"minecraft:yellow_terracotta":39,"new_xp_ore:raw_experience":53,"minecraft:black_bed":2,"minecraft:shears":47,"waystones:waystone":3,"easy_villagers:villager":35,"minecraft:bread":86,"minecraft:gravel":4,"minecraft:lilac":2,"minecraft:fire_charge":1,"minecraft:grindstone":1,"minecraft:bone_meal":1,"minecraft:rose_bush":1,"minecraft:enchanting_table":1,"minecraft:stone_sword":134,"minecraft:flint_and_steel":21,"minecraft:dried_kelp":63,"minecraft:cooked_chicken":1,"minecraft:netherrack":7,"minecraft:orange_bed":7,"minecraft:torch":31,"minecraft:dirt":187,"minecraft:wheat":6,"minecraft:golden_chestplate":1,"minecraft:iron_axe":435,"minecraft:oak_stairs":1,"minecraft:iron_boots":4,"minecraft:basalt":1,"minecraft:cooked_beef":1,"minecraft:cobbled_deepslate":718,"minecraft:acacia_planks":113,"vampirism:vampire_cloak_white_black":1,"minecraft:iron_leggings":4,"minecraft:wheat_seeds":16,"minecraft:water_bucket":91,"minecraft:fletching_table":3,"minecraft:crafting_table":16,"biomesoplenty:wildflower":4,"minecraft:spruce_log":2,"minecraft:book":4,"minecraft:smoker":1,"minecraft:oak_log":1,"minecraft:diamond_pickaxe":550,"minecraft:acacia_stairs":60,"minecraft:black_wool":2,"minecraft:apple":1,"minecraft:oxeye_daisy":1,"minecraft:iron_pickaxe":253,"alexsmobs:kangaroo_meat":1,"biomesoplenty:toadstool":1,"minecraft:stone_axe":292,"minecraft:cobblestone":467,"minecraft:cooked_porkchop":12,"minecraft:bucket":92,"minecraft:yellow_bed":2,"vampirism:totem_base":1,"vampirism:vampire_orchid":4},"minecraft:custom":{"minecraft:interact_with_crafting_table":35,"minecraft:open_barrel":5,"minecraft:bell_ring":1,"minecraft:leave_game":8,"minecraft:time_since_death":8139,"minecraft:sprint_one_cm":1771495,"minecraft:drop":223,"vampirism:interact_with_coffin":9,"vampirism:interact_with_totem":9,"minecraft:talked_to_villager":98,"minecraft:play_time":491422,"minecraft:deaths":6,"minecraft:jump":10406,"minecraft:walk_on_water_one_cm":115563,"minecraft:enchant_item":10,"minecraft:interact_with_furnace":18,"minecraft:traded_with_villager":232,"minecraft:interact_with_loom":1,"minecraft:sleep_in_bed":10,"minecraft:waystone_activated":3,"vampirism:tasks_accepted":2,"minecraft:damage_dealt":47237,"minecraft:crouch_one_cm":36839,"minecraft:interact_with_smoker":16,"minecraft:mob_kills":220,"minecraft:damage_dealt_resisted":1648,"minecraft:climb_one_cm":4987,"vampirism:amount_bitten":29,"minecraft:walk_one_cm":771781,"vampirism:skills_unlocked":4,"vampirism:capture_village":3,"minecraft:sneak_time":18797,"minecraft:walk_under_water_one_cm":62040,"minecraft:total_world_time":491422,"vampirism:win_village_capture":6,"vampirism:blood_drunk":161000,"vampirism:interact_with_garlic_diffuser":1,"minecraft:interact_with_stonecutter":1,"minecraft:interact_with_grindstone":9,"minecraft:time_since_rest":8151,"minecraft:damage_taken":10314,"minecraft:trigger_trapped_chest":1,"minecraft:swim_one_cm":172408,"minecraft:fly_one_cm":2153988,"minecraft:open_chest":185,"vampirism:defend_village":3,"minecraft:fall_one_cm":263911},"minecraft:dropped":{"minecraft:iron_sword":1,"minecraft:porkchop":7,"minecraft:oak_log":1,"minecraft:glass_bottle":1,"minecraft:lantern":1,"minecraft:brown_banner":2,"minecraft:dirt":151,"iceandfire:pixie_jar_empty":1,"minecraft:mutton":3,"iceandfire:ash":1,"minecraft:acacia_door":1,"minecraft:cauldron":2,"minecraft:bone":1,"alexsmobs:gazelle_horn":2,"minecraft:cobbled_deepslate":247,"alexsmobs:animal_dictionary":1,"minecraft:wheat":196,"minecraft:blue_wool":4,"minecraft:rotten_flesh":31,"vampirism:blood_bottle":46,"minecraft:oak_planks":2,"minecraft:acacia_stairs":38,"minecraft:poppy":2,"minecraft:gunpowder":3,"vampirism:vampire_fang":1,"minecraft:melon_seeds":150,"biomesoplenty:wildflower":2,"minecraft:acacia_slab":3,"minecraft:azalea":2,"minecraft:ladder":2,"minecraft:arrow":3,"minecraft:beef":15,"minecraft:acacia_fence":5,"minecraft:wheat_seeds":793,"minecraft:cobblestone":5,"minecraft:yellow_terracotta":20,"uniquedungeons:ceramic_shard":2,"minecraft:apple":1,"minecraft:stick":1,"minecraft:cobweb":1,"minecraft:melon_slice":113,"minecraft:oak_stairs":3,"minecraft:iron_axe":1,"minecraft:smooth_stone":1,"minecraft:paper":5,"minecraft:string":3,"minecraft:moss_carpet":4,"minecraft:raw_copper":2,"minecraft:tuff":24,"minecraft:stone_slab":5,"minecraft:allium":1,"alexsmobs:cockroach_wing_fragment":1,"minecraft:oak_sapling":362,"minecraft:spider_eye":1,"minecraft:stone_bricks":5,"easy_villagers:villager":9,"vampirism:vampire_cloak_white_black":10,"vampirism:crucifix_normal":1,"minecraft:spruce_log":8,"minecraft:black_wool":3},"minecraft:picked_up":{"minecraft:iron_chestplate":3,"minecraft:wheat":202,"minecraft:oak_stairs":4,"minecraft:brewing_stand":1,"alexsmobs:gazelle_horn":2,"minecraft:string":76,"minecraft:raw_copper":2,"minecraft:iron_leggings":3,"roost:roost_feather":2,"vampirism:obi_belt":2,"minecraft:cobbled_deepslate":1515,"minecraft:smooth_stone":1,"minecraft:rose_bush":1,"minecraft:azalea":2,"minecraft:melon_slice":305,"minecraft:coal_block":1,"minecraft:iron_boots":3,"minecraft:furnace":3,"minecraft:blue_wool":4,"minecraft:stick":387,"new_xp_ore:raw_experience":112,"minecraft:acacia_fence":5,"minecraft:composter":2,"minecraft:torch":119,"minecraft:acacia_log":21,"vampirism:hunter_hat_head_0":1,"minecraft:porkchop":7,"iceandfire:lightning_dragon_flesh":2,"minecraft:dried_kelp":1,"vampirism:vampire_fang":4,"vampirism:amulet":2,"minecraft:golden_chestplate":1,"minecraft:cauldron":2,"easy_villagers:villager":1,"minecraft:orange_bed":7,"minecraft:stone_sword":1,"minecraft:rotten_flesh":37,"vampirism:blood_bottle":50,"minecraft:honey_bottle":2,"alexsmobs:flying_fish_boots":2,"minecraft:iron_block":2,"minecraft:obsidian":8,"alexsmobs:flying_fish":3,"minecraft:cobblestone":554,"vampirism:vampire_book":1,"minecraft:feather":7,"minecraft:lilac":2,"minecraft:water_bucket":3,"minecraft:black_bed":1,"minecraft:smoker":1,"minecraft:flint":1,"minecraft:tuff":62,"minecraft:lapis_lazuli":467,"minecraft:dirt":340,"minecraft:lantern":1,"minecraft:bone":31,"minecraft:acacia_planks":183,"minecraft:stonecutter":1,"minecraft:bow":2,"minecraft:wheat_seeds":812,"vampirism:altar_pillar":8,"minecraft:fletching_table":3,"vampirism:totem_top_crafted":3,"minecraft:oak_planks":25,"biomesoplenty:toadstool":1,"minecraft:cooked_porkchop":12,"vampirism:ring":1,"iceandfire:lightning_dragon_heart":1,"minecraft:acacia_stairs":98,"alexsmobs:animal_dictionary":3,"alexsmobs:kangaroo_hide":1,"vampirism:pitchfork":1,"minecraft:sugar":2,"minecraft:diamond":76,"iceandfire:lectern":3,"waystones:waystone":3,"minecraft:writable_book":1,"minecraft:grass":2,"minecraft:bone_meal":1,"vampirism:coffin_red":2,"minecraft:emerald":2,"minecraft:bread":14,"minecraft:oak_sapling":363,"minecraft:netherrack":7,"minecraft:diamond_pickaxe":3,"iceandfire:dragon_skull_lightning":2,"minecraft:allium":3,"minecraft:crafting_table":12,"minecraft:ladder":2,"minecraft:brown_mushroom":1,"minecraft:gold_block":3,"minecraft:moss_carpet":4,"minecraft:acacia_door":1,"minecraft:iron_axe":4,"minecraft:iron_shovel":2,"vampirism:totem_base":1,"minecraft:beef":15,"alexsmobs:elastic_tendon":2,"minecraft:poppy":3,"minecraft:lectern":1,"biomesoplenty:wildflower":6,"minecraft:chest":1,"minecraft:raw_iron":77,"iceandfire:dragonbone":11,"minecraft:redstone":10,"minecraft:tnt":4,"minecraft:arrow":22,"minecraft:hay_block":26,"alexscaves:spelunkery_table":1,"minecraft:yellow_terracotta":59,"minecraft:mutton":3,"alexsmobs:kangaroo_meat":6,"minecraft:white_wool":56,"minecraft:oxeye_daisy":1,"vampirism:vampire_blood_bottle":1,"minecraft:basalt":1,"minecraft:leather":9,"uniquedungeons:ceramic_shard":16,"minecraft:oak_log":564,"minecraft:yellow_bed":2,"minecraft:gunpowder":3,"minecraft:paper":12,"vampirism:human_heart":156,"uniquedungeons:crystal_arrow_item":2,"minecraft:stone_bricks":5,"minecraft:apple":37,"iceandfire:pixie_jar_empty":1,"minecraft:kelp":64,"alexsmobs:cockroach_wing_fragment":1,"minecraft:iron_ingot":141,"minecraft:stone_pickaxe":2,"minecraft:cooked_chicken":1,"weaponmaster:tutorialbook":1,"vampirism:altar_cleansing":1,"minecraft:iron_sword":4,"minecraft:book":9,"iceandfire:copper_nugget":50,"iceandfire:ash":1,"minecraft:red_wool":1,"minecraft:gravel":4,"minecraft:blast_furnace":4,"minecraft:spruce_log":11,"vampirism:altar_infusion":1,"minecraft:spider_eye":16,"iceandfire:dragonscales_copper":21,"minecraft:stone_axe":2,"vampirism:altar_tip":4,"minecraft:iron_helmet":2,"minecraft:diamond_axe":3,"vampirism:vampire_orchid":7,"minecraft:black_wool":8,"minecraft:brown_banner":2,"minecraft:acacia_slab":3,"minecraft:melon_seeds":150,"minecraft:coal":80,"minecraft:ender_pearl":3},"minecraft:broken":{"minecraft:iron_boots":2,"minecraft:iron_chestplate":1,"minecraft:iron_leggings":1,"minecraft:stone_axe":2,"minecraft:iron_sword":1,"minecraft:stone_sword":1,"minecraft:iron_axe":2,"minecraft:iron_pickaxe":1,"minecraft:iron_helmet":2},"minecraft:crafted":{"minecraft:oak_planks":1972,"minecraft:stone":0,"minecraft:iron_boots":3,"vampirism:blood_bottle":85,"minecraft:chest":2,"vampirism:coffin_red":32,"iceandfire:manuscript":4,"minecraft:emerald":132,"minecraft:diamond_axe":1,"minecraft:crafting_table":5,"vampirism:vampire_cloak_white_black":10,"minecraft:iron_helmet":3,"minecraft:iron_chestplate":2,"minecraft:stone_slab":6,"minecraft:stick":3968,"minecraft:iron_ingot":66,"vampirism:human_heart":342,"minecraft:stone_sword":1,"vampirism:crucifix_normal":1,"minecraft:black_bed":1,"minecraft:shears":1,"minecraft:coal":9,"minecraft:bone_meal":27,"minecraft:flint_and_steel":1,"alexsmobs:flying_fish_boots":1,"minecraft:wheat":234,"vampirism:pure_blood_2":8,"minecraft:enchanting_table":1,"minecraft:dried_kelp":64,"minecraft:bucket":1,"minecraft:stone_axe":2,"minecraft:bread":78,"minecraft:air":0,"minecraft:iron_leggings":3,"minecraft:iron_shovel":1,"minecraft:acacia_planks":84},"minecraft:killed_by":{"minecraft:zombie":2,"vampirism:hunter":1,"iceandfire:lightning_dragon":2},"minecraft:mined":{"minecraft:attached_melon_stem":9,"minecraft:farmland":37,"iceandfire:copper_pile":6,"minecraft:sculk_vein":3,"minecraft:brewing_stand":1,"minecraft:obsidian":8,"minecraft:acacia_log":21,"vampirism:totem_top_crafted":1,"minecraft:grass_block":72,"iceandfire:lectern":3,"minecraft:coal_block":1,"minecraft:blue_wool":4,"minecraft:composter":2,"minecraft:smooth_stone":1,"minecraft:iron_ore":57,"minecraft:cobbled_deepslate":297,"minecraft:fire":28,"new_xp_ore:deepslate_xp_ore":107,"minecraft:fletching_table":3,"minecraft:deepslate_lapis_ore":16,"minecraft:sculk_shrieker":3,"minecraft:water_cauldron":4,"minecraft:dirt_path":31,"minecraft:orange_bed":7,"minecraft:brown_mushroom":1,"minecraft:kelp_plant":8,"minecraft:melon_stem":35,"minecraft:smoker":1,"biomesoplenty:wildflower":3,"vampirism:totem_top_vampirism_vampire":1,"minecraft:torch":12,"minecraft:blast_furnace":1,"minecraft:melon":28,"minecraft:chest":2,"minecraft:dead_bush":1,"minecraft:cobblestone":129,"minecraft:oak_planks":3,"minecraft:wall_torch":20,"minecraft:wheat":193,"minecraft:lilac":2,"minecraft:black_bed":1,"minecraft:tnt":1,"minecraft:grass":159,"minecraft:oak_log":13,"minecraft:acacia_fence":5,"minecraft:dirt":178,"minecraft:stonecutter":1,"minecraft:netherrack":7,"minecraft:oak_leaves":36,"minecraft:deepslate":1154,"vampirism:coffin_red":2,"uniquedungeons:empty_urn":1,"minecraft:yellow_terracotta":77,"alexscaves:spelunkery_table":1,"minecraft:diamond_ore":3,"minecraft:tuff":68,"uniquedungeons:urn":1,"minecraft:deepslate_diamond_ore":73,"biomesoplenty:desert_grass":14,"vampirism:altar_pillar":8,"minecraft:glow_lichen":1,"minecraft:chiseled_bookshelf":1,"biomesoplenty:bush":6,"vampirism:vampire_orchid":7,"minecraft:acacia_slab":3,"minecraft:kelp":14,"minecraft:hay_block":26,"minecraft:furnace":3,"biomesoplenty:toadstool":1,"minecraft:acacia_stairs":100,"treechop:chopped_log":45,"minecraft:gold_block":2,"vampirism:altar_infusion":1,"minecraft:deepslate_iron_ore":2,"minecraft:vine":1,"minecraft:lantern":1,"biomesoplenty:spider_egg":5,"minecraft:stone":388,"minecraft:white_wool":54,"iceandfire:pixie_jar_empty":1,"minecraft:glass_pane":2,"minecraft:basalt":2,"vampirism:altar_cleansing":1,"vampirism:totem_top_vampirism_vampire_crafted":2,"minecraft:crafting_table":11,"minecraft:rose_bush":1,"minecraft:sculk_sensor":2,"minecraft:lectern":1,"minecraft:tall_grass":25,"minecraft:copper_ore":1,"minecraft:lapis_ore":6,"minecraft:sculk":16,"vampirism:totem_base":1,"minecraft:spruce_log":9,"minecraft:yellow_bed":2,"minecraft:black_wool":8,"new_xp_ore:xp_ore":3,"minecraft:coal_ore":39,"uniquedungeons:pedestal":1,"minecraft:cherry_leaves":5,"minecraft:gravel":5,"biomesoplenty:stringy_cobweb":6,"minecraft:cobweb":9,"minecraft:acacia_planks":139,"minecraft:fern":1,"minecraft:infested_stone":1,"vampirism:altar_tip":4}},"DataVersion":3465}