{"stats":{"minecraft:picked_up":{"minecraft:iron_chestplate":3,"minecraft:wheat":202,"minecraft:oak_stairs":4,"minecraft:brewing_stand":1,"alexsmobs:gazelle_horn":3,"minecraft:string":82,"minecraft:raw_copper":2,"minecraft:cooked_salmon":4,"minecraft:iron_leggings":3,"roost:roost_feather":2,"vampirism:obi_belt":2,"minecraft:cobbled_deepslate":1515,"minecraft:smooth_stone":1,"minecraft:rose_bush":4,"minecraft:azalea":5,"minecraft:melon_slice":305,"minecraft:coal_block":1,"minecraft:iron_boots":3,"minecraft:furnace":4,"minecraft:blue_wool":4,"minecraft:stick":387,"new_xp_ore:raw_experience":137,"minecraft:acacia_fence":5,"minecraft:composter":3,"minecraft:torch":126,"minecraft:acacia_log":21,"minecraft:porkchop":10,"vampirism:hunter_hat_head_0":1,"iceandfire:lightning_dragon_flesh":6,"minecraft:dried_kelp":1,"iceandfire:crackled_gravel":4,"vampirism:vampire_fang":4,"vampirism:amulet":2,"minecraft:golden_chestplate":1,"minecraft:cauldron":2,"easy_villagers:villager":6,"minecraft:orange_bed":7,"minecraft:stone_sword":1,"vampirism:blood_bottle":50,"minecraft:honey_bottle":2,"minecraft:rotten_flesh":69,"alexsmobs:flying_fish_boots":3,"minecraft:iron_block":2,"minecraft:obsidian":8,"alexsmobs:flying_fish":3,"minecraft:cobblestone":679,"vampirism:vampire_book":1,"minecraft:feather":7,"minecraft:lilac":2,"minecraft:water_bucket":3,"minecraft:black_bed":1,"minecraft:smoker":1,"minecraft:flint":1,"minecraft:tuff":62,"minecraft:lapis_lazuli":467,"minecraft:dirt":352,"minecraft:lantern":1,"minecraft:bone":33,"minecraft:acacia_planks":186,"minecraft:bow":2,"minecraft:stonecutter":3,"minecraft:wheat_seeds":821,"vampirism:altar_pillar":11,"minecraft:grindstone":1,"minecraft:fletching_table":5,"minecraft:glowstone_dust":1,"vampirism:totem_top_crafted":3,"minecraft:oak_planks":35,"biomesoplenty:toadstool":1,"minecraft:cooked_porkchop":34,"vampirism:ring":2,"minecraft:sand":4,"iceandfire:lightning_dragon_heart":2,"minecraft:acacia_stairs":98,"alexsmobs:animal_dictionary":3,"vampirism:pure_blood_0":2,"alexsmobs:kangaroo_hide":1,"vampirism:pitchfork":1,"minecraft:sugar":4,"minecraft:diamond":76,"iceandfire:lectern":4,"waystones:waystone":3,"minecraft:writable_book":1,"minecraft:grass":2,"minecraft:bone_meal":1,"vampirism:coffin_red":2,"minecraft:emerald":2,"minecraft:bread":14,"minecraft:oak_sapling":363,"minecraft:netherrack":7,"minecraft:diamond_pickaxe":3,"iceandfire:dragon_skull_lightning":3,"minecraft:crafting_table":14,"minecraft:allium":3,"minecraft:ladder":2,"minecraft:brown_mushroom":1,"minecraft:wooden_pickaxe":1,"minecraft:gold_block":3,"minecraft:moss_carpet":4,"minecraft:iron_axe":4,"minecraft:acacia_door":1,"minecraft:iron_shovel":2,"vampirism:totem_base":1,"minecraft:beef":15,"alexsmobs:elastic_tendon":2,"minecraft:poppy":3,"minecraft:lectern":1,"biomesoplenty:wildflower":11,"minecraft:chest":1,"iceandfire:podium_acacia":2,"minecraft:egg":1,"minecraft:raw_iron":95,"iceandfire:dragonbone":19,"minecraft:redstone":10,"minecraft:tnt":5,"minecraft:arrow":22,"vampirism:altar_inspiration":2,"minecraft:hay_block":26,"alexscaves:spelunkery_table":1,"minecraft:yellow_terracotta":59,"minecraft:mutton":3,"alexsmobs:kangaroo_meat":6,"minecraft:white_wool":57,"minecraft:oxeye_daisy":1,"vampirism:vampire_blood_bottle":1,"minecraft:basalt":1,"vampirism:item_tent":2,"minecraft:leather":9,"iceandfire:myrmex_desert_resin_glass":4,"uniquedungeons:ceramic_shard":16,"minecraft:oak_log":566,"minecraft:yellow_bed":2,"minecraft:gunpowder":6,"minecraft:paper":12,"vampirism:human_heart":156,"uniquedungeons:crystal_arrow_item":2,"minecraft:apple":37,"minecraft:stone_bricks":5,"iceandfire:pixie_jar_empty":1,"minecraft:kelp":64,"minecraft:acacia_trapdoor":3,"alexsmobs:cockroach_wing_fragment":1,"minecraft:iron_ingot":141,"minecraft:stone_pickaxe":3,"minecraft:cooked_chicken":1,"weaponmaster:tutorialbook":1,"vampirism:altar_cleansing":1,"minecraft:iron_sword":4,"minecraft:book":9,"iceandfire:copper_nugget":50,"minecraft:red_wool":1,"iceandfire:ash":1,"minecraft:gravel":4,"minecraft:blast_furnace":4,"minecraft:spruce_log":11,"vampirism:altar_infusion":1,"minecraft:spider_eye":18,"iceandfire:dragonscales_copper":41,"minecraft:stone_axe":3,"vampirism:altar_tip":7,"minecraft:iron_helmet":2,"minecraft:diamond_axe":3,"vampirism:vampire_orchid":7,"minecraft:melon_seeds":150,"minecraft:brown_banner":2,"minecraft:acacia_slab":3,"minecraft:black_wool":8,"minecraft:coal":111,"minecraft:ender_pearl":3},"minecraft:killed_by":{"minecraft:zombie":2,"vampirism:hunter":1,"iceandfire:lightning_dragon":2},"minecraft:killed":{"vampirism:vampire":12,"minecraft:cave_spider":5,"minecraft:witch":4,"vampirism:advanced_vampire":3,"minecraft:spider":28,"alexsmobs:murmur":2,"minecraft:skeleton":19,"vampirism:blinding_bat":1,"vampirism:task_master_hunter":1,"minecraft:chicken":1,"minecraft:silverfish":1,"alexsmobs:kangaroo":2,"minecraft:pig":10,"minecraft:zombie_villager":3,"alexsmobs:seal":9,"minecraft:iron_golem":1,"minecraft:creeper":3,"vampirism:hunter":41,"minecraft:sheep":2,"minecraft:zombie":58,"alexsmobs:fly":2,"iceandfire:pixie":2,"iceandfire:lightning_dragon":2,"minecraft:cow":8,"roost:roost_rider":1,"alexsmobs:raccoon":1,"alexsmobs:tasmanian_devil":2,"alexsmobs:seagull":6,"minecraft:phantom":6,"alexsmobs:flying_fish":3,"vampirism:villager_angry":3,"alexsmobs:cockroach":1,"alexsmobs:elephant":2,"iceandfire:ghost":1,"alexsmobs:gazelle":1,"minecraft:villager":1,"minecraft:enderman":4},"minecraft:crafted":{"minecraft:oak_planks":1972,"iceandfire:armor_copper_boots":1,"minecraft:stone":50,"minecraft:glass":4,"minecraft:iron_boots":4,"vampirism:blood_bottle":85,"minecraft:chest":2,"vampirism:coffin_red":32,"iceandfire:manuscript":4,"minecraft:emerald":132,"minecraft:diamond_axe":1,"minecraft:crafting_table":5,"vampirism:vampire_cloak_white_black":10,"minecraft:iron_helmet":3,"iceandfire:armor_copper_leggings":1,"iceandfire:armor_copper_chestplate":1,"minecraft:iron_chestplate":2,"minecraft:stick":3968,"minecraft:stone_slab":6,"minecraft:iron_ingot":84,"minecraft:stone_sword":1,"minecraft:iron_block":3,"vampirism:crucifix_normal":1,"vampirism:human_heart":342,"minecraft:black_bed":1,"minecraft:shears":1,"minecraft:coal":9,"minecraft:bone_meal":27,"minecraft:flint_and_steel":1,"alexsmobs:flying_fish_boots":1,"minecraft:wheat":234,"vampirism:pure_blood_2":8,"vampirism:pure_blood_0":2,"minecraft:diamond_sword":1,"minecraft:enchanting_table":1,"minecraft:dried_kelp":64,"minecraft:iron_sword":1,"minecraft:bucket":1,"minecraft:stone_axe":2,"minecraft:bread":78,"minecraft:air":0,"vampirism:altar_pillar":10,"minecraft:iron_shovel":1,"minecraft:iron_leggings":3,"vampirism:blood_container":1,"minecraft:acacia_planks":84},"minecraft:custom":{"minecraft:interact_with_crafting_table":47,"minecraft:open_barrel":5,"minecraft:bell_ring":1,"minecraft:leave_game":11,"minecraft:time_since_death":120189,"minecraft:sprint_one_cm":2076804,"minecraft:drop":291,"vampirism:interact_with_coffin":15,"vampirism:interact_with_totem":9,"minecraft:talked_to_villager":110,"minecraft:play_time":603472,"minecraft:deaths":6,"minecraft:jump":12588,"minecraft:walk_on_water_one_cm":116703,"minecraft:enchant_item":16,"vampirism:altar_of_inspiration_rituals_performed":3,"minecraft:interact_with_furnace":45,"minecraft:traded_with_villager":234,"minecraft:interact_with_loom":1,"minecraft:sleep_in_bed":16,"minecraft:waystone_activated":3,"vampirism:tasks_accepted":2,"minecraft:damage_dealt":58680,"minecraft:player_kills":2,"minecraft:crouch_one_cm":38033,"minecraft:interact_with_smoker":22,"minecraft:mob_kills":262,"minecraft:damage_dealt_resisted":1940,"minecraft:climb_one_cm":4987,"vampirism:amount_bitten":49,"minecraft:walk_one_cm":919479,"vampirism:skills_unlocked":7,"vampirism:capture_village":3,"vampirism:interact_with_altar_inspiration":28,"minecraft:sneak_time":19581,"minecraft:walk_under_water_one_cm":62364,"minecraft:interact_with_blast_furnace":8,"minecraft:total_world_time":603472,"vampirism:win_village_capture":6,"vampirism:blood_drunk":189000,"vampirism:interact_with_garlic_diffuser":1,"minecraft:interact_with_stonecutter":6,"minecraft:interact_with_grindstone":9,"minecraft:time_since_rest":15385,"minecraft:damage_taken":11261,"minecraft:trigger_trapped_chest":1,"minecraft:swim_one_cm":190974,"minecraft:fly_one_cm":2652842,"minecraft:open_chest":284,"vampirism:defend_village":3,"minecraft:fall_one_cm":329505},"minecraft:used":{"iceandfire:lectern":3,"minecraft:iron_shovel":204,"iceandfire:armor_copper_boots":1,"vampirism:coffin_red":3,"minecraft:poppy":1,"vampirism:altar_infusion":1,"minecraft:chest":3,"minecraft:iron_sword":442,"minecraft:grass":2,"minecraft:rotten_flesh":1,"minecraft:iron_chestplate":4,"minecraft:tuff":29,"vampirism:totem_top_crafted":4,"iceandfire:crackled_gravel":2,"minecraft:red_wool":1,"minecraft:iron_helmet":3,"minecraft:oak_sapling":1,"minecraft:furnace":2,"minecraft:egg":1,"iceandfire:podium_acacia":1,"minecraft:oak_planks":5,"minecraft:stone_pickaxe":92,"alexsmobs:flying_fish_boots":1,"vampirism:human_heart":82,"minecraft:composter":1,"minecraft:diamond_axe":531,"minecraft:yellow_terracotta":39,"new_xp_ore:raw_experience":54,"minecraft:blast_furnace":1,"minecraft:black_bed":2,"minecraft:shears":47,"waystones:waystone":3,"easy_villagers:villager":47,"minecraft:bread":86,"vampirism:altar_pillar":21,"minecraft:lilac":2,"minecraft:gravel":4,"minecraft:diamond_sword":23,"minecraft:fire_charge":1,"minecraft:grindstone":1,"minecraft:bone_meal":1,"minecraft:rose_bush":1,"minecraft:enchanting_table":1,"minecraft:stone_sword":134,"minecraft:flint_and_steel":21,"minecraft:dried_kelp":63,"minecraft:cooked_chicken":1,"minecraft:netherrack":7,"minecraft:orange_bed":7,"minecraft:torch":38,"minecraft:dirt":194,"minecraft:wheat":6,"minecraft:golden_chestplate":1,"minecraft:iron_axe":435,"minecraft:oak_stairs":1,"minecraft:iron_boots":5,"minecraft:basalt":1,"minecraft:cooked_beef":1,"minecraft:cobbled_deepslate":718,"minecraft:acacia_planks":133,"vampirism:vampire_cloak_white_black":1,"minecraft:iron_leggings":4,"minecraft:wheat_seeds":16,"minecraft:water_bucket":96,"vampirism:altar_inspiration":3,"minecraft:fletching_table":4,"minecraft:stonecutter":3,"minecraft:crafting_table":17,"biomesoplenty:wildflower":5,"minecraft:spruce_log":2,"minecraft:book":4,"minecraft:smoker":2,"minecraft:oak_log":1,"minecraft:black_wool":2,"minecraft:diamond_pickaxe":636,"minecraft:acacia_stairs":60,"minecraft:apple":1,"minecraft:oxeye_daisy":1,"minecraft:iron_pickaxe":253,"alexsmobs:kangaroo_meat":1,"minecraft:stone_axe":292,"biomesoplenty:toadstool":1,"vampirism:altar_tip":7,"minecraft:cobblestone":489,"minecraft:cooked_porkchop":12,"minecraft:bucket":97,"minecraft:yellow_bed":2,"vampirism:totem_base":1,"vampirism:vampire_orchid":4},"minecraft:broken":{"minecraft:iron_boots":2,"minecraft:iron_chestplate":1,"minecraft:iron_leggings":1,"minecraft:stone_axe":2,"minecraft:iron_sword":1,"minecraft:stone_sword":1,"minecraft:iron_axe":2,"minecraft:iron_pickaxe":1,"minecraft:iron_helmet":2},"minecraft:dropped":{"minecraft:iron_sword":2,"minecraft:porkchop":10,"minecraft:oak_log":3,"minecraft:glass_bottle":1,"minecraft:cooked_porkchop":22,"vampirism:pure_blood_0":2,"minecraft:lantern":1,"vampirism:item_tent":2,"minecraft:brown_banner":2,"minecraft:dirt":155,"iceandfire:pixie_jar_empty":1,"minecraft:mutton":3,"iceandfire:ash":1,"minecraft:acacia_door":1,"minecraft:white_wool":1,"minecraft:cauldron":2,"minecraft:bone":3,"minecraft:stone_axe":1,"alexsmobs:gazelle_horn":3,"minecraft:cobbled_deepslate":247,"alexsmobs:animal_dictionary":1,"minecraft:wheat":196,"minecraft:blue_wool":4,"minecraft:rotten_flesh":63,"minecraft:oak_planks":11,"vampirism:blood_bottle":46,"minecraft:acacia_stairs":38,"iceandfire:crackled_gravel":2,"minecraft:poppy":2,"minecraft:gunpowder":5,"vampirism:vampire_fang":1,"minecraft:acacia_slab":3,"minecraft:melon_seeds":150,"biomesoplenty:wildflower":2,"minecraft:azalea":5,"minecraft:ladder":2,"minecraft:arrow":3,"minecraft:beef":15,"minecraft:acacia_fence":5,"minecraft:wheat_seeds":796,"minecraft:cobblestone":5,"minecraft:yellow_terracotta":20,"minecraft:iron_helmet":1,"uniquedungeons:ceramic_shard":2,"minecraft:apple":1,"minecraft:acacia_trapdoor":3,"minecraft:stick":1,"minecraft:cobweb":1,"minecraft:melon_slice":113,"minecraft:rose_bush":3,"minecraft:cooked_salmon":4,"minecraft:iron_leggings":1,"minecraft:oak_stairs":3,"minecraft:iron_axe":2,"minecraft:smooth_stone":1,"minecraft:paper":5,"minecraft:string":7,"minecraft:furnace":1,"minecraft:moss_carpet":4,"minecraft:raw_copper":2,"minecraft:tuff":24,"minecraft:iron_boots":1,"minecraft:stone_slab":5,"minecraft:allium":1,"alexsmobs:cockroach_wing_fragment":1,"minecraft:iron_chestplate":1,"minecraft:oak_sapling":362,"minecraft:spider_eye":3,"vampirism:crucifix_normal":1,"easy_villagers:villager":25,"vampirism:vampire_cloak_white_black":10,"minecraft:stone_bricks":5,"minecraft:spruce_log":8,"minecraft:stone_pickaxe":1,"minecraft:wooden_pickaxe":1,"minecraft:black_wool":3},"minecraft:mined":{"minecraft:attached_melon_stem":9,"minecraft:farmland":37,"iceandfire:copper_pile":6,"minecraft:sculk_vein":3,"minecraft:brewing_stand":1,"minecraft:obsidian":8,"vampirism:totem_top_crafted":1,"minecraft:acacia_log":21,"minecraft:grass_block":77,"iceandfire:lectern":4,"minecraft:coal_block":1,"roost:flatstoneblock":1,"minecraft:blue_wool":4,"minecraft:composter":3,"minecraft:smooth_stone":1,"minecraft:iron_ore":75,"minecraft:cobbled_deepslate":297,"minecraft:fire":28,"new_xp_ore:deepslate_xp_ore":107,"minecraft:deepslate_lapis_ore":16,"minecraft:fletching_table":5,"minecraft:sculk_shrieker":3,"minecraft:water_cauldron":4,"minecraft:dirt_path":32,"minecraft:orange_bed":7,"minecraft:brown_mushroom":1,"minecraft:kelp_plant":8,"minecraft:melon_stem":35,"minecraft:smoker":1,"biomesoplenty:wildflower":3,"iceandfire:podium_acacia":1,"iceandfire:myrmex_desert_resin_glass":2,"vampirism:totem_top_vampirism_vampire":1,"minecraft:torch":14,"minecraft:blast_furnace":1,"minecraft:melon":28,"minecraft:chest":2,"minecraft:dead_bush":1,"minecraft:cobblestone":130,"minecraft:grindstone":1,"minecraft:oak_planks":5,"minecraft:wall_torch":25,"minecraft:wheat":193,"minecraft:lilac":3,"minecraft:tnt":1,"minecraft:black_bed":1,"minecraft:grass":171,"minecraft:oak_log":13,"minecraft:acacia_fence":5,"minecraft:sand":4,"minecraft:dirt":184,"minecraft:stonecutter":3,"minecraft:netherrack":7,"minecraft:oak_leaves":36,"minecraft:deepslate":1154,"vampirism:coffin_red":2,"uniquedungeons:empty_urn":1,"minecraft:yellow_terracotta":77,"minecraft:diamond_ore":3,"alexscaves:spelunkery_table":1,"minecraft:tuff":68,"uniquedungeons:urn":1,"minecraft:deepslate_diamond_ore":73,"vampirism:altar_inspiration":2,"biomesoplenty:desert_grass":16,"vampirism:altar_pillar":11,"minecraft:chiseled_bookshelf":1,"minecraft:glow_lichen":1,"biomesoplenty:bush":7,"vampirism:vampire_orchid":7,"minecraft:acacia_slab":3,"minecraft:kelp":14,"minecraft:hay_block":26,"minecraft:furnace":3,"minecraft:acacia_trapdoor":6,"biomesoplenty:toadstool":1,"minecraft:acacia_stairs":100,"treechop:chopped_log":45,"minecraft:gold_block":2,"vampirism:altar_infusion":1,"minecraft:deepslate_iron_ore":2,"minecraft:vine":1,"minecraft:lantern":1,"biomesoplenty:spider_egg":5,"minecraft:stone":500,"minecraft:white_wool":54,"iceandfire:pixie_jar_empty":1,"minecraft:glass_pane":2,"minecraft:basalt":2,"vampirism:altar_cleansing":1,"vampirism:totem_top_vampirism_vampire_crafted":2,"minecraft:crafting_table":12,"minecraft:rose_bush":1,"minecraft:sculk_sensor":2,"minecraft:lectern":1,"minecraft:copper_ore":1,"minecraft:tall_grass":25,"minecraft:lapis_ore":6,"minecraft:sculk":16,"vampirism:totem_base":1,"minecraft:spruce_log":9,"minecraft:yellow_bed":2,"new_xp_ore:xp_ore":28,"minecraft:black_wool":8,"minecraft:coal_ore":70,"uniquedungeons:pedestal":1,"minecraft:cherry_leaves":5,"minecraft:gravel":5,"minecraft:cobweb":9,"biomesoplenty:stringy_cobweb":6,"minecraft:acacia_planks":142,"minecraft:infested_stone":1,"minecraft:fern":1,"vampirism:altar_tip":7}},"DataVersion":3465}