{"stats":{"minecraft:mined":{"minecraft:jungle_leaves":9,"minecraft:crafting_table":4,"minecraft:jungle_log":4,"minecraft:tall_grass":15,"minecraft:hay_block":5,"minecraft:furnace":1,"biomesoplenty:toadstool":1,"minecraft:iron_ore":22,"treechop:chopped_log":4,"minecraft:grass":12,"minecraft:coal_ore":41,"minecraft:oak_log":3,"minecraft:vine":3,"minecraft:sand":16,"minecraft:stone":27},"minecraft:picked_up":{"minecraft:crafting_table":5,"minecraft:jungle_log":4,"minecraft:leather":6,"minecraft:oak_log":24,"minecraft:dirt":1,"minecraft:string":4,"minecraft:bone":4,"minecraft:apple":3,"minecraft:wheat_seeds":6,"minecraft:beef":13,"minecraft:stone_pickaxe":1,"weaponmaster:tutorialbook":3,"minecraft:oak_planks":5,"minecraft:furnace":1,"biomesoplenty:toadstool":1,"minecraft:stick":14,"minecraft:raw_iron":24,"minecraft:sand":82,"alexsmobs:animal_dictionary":3,"minecraft:oak_wood":17,"minecraft:arrow":4,"minecraft:stone_axe":1,"waystones:waystone":1,"minecraft:hay_block":5,"alexsmobs:maggot":1,"minecraft:oak_sapling":11,"minecraft:mutton":8,"minecraft:coal":91,"minecraft:white_wool":4,"minecraft:cobblestone":27},"minecraft:dropped":{"biomesoplenty:toadstool":1,"minecraft:wooden_pickaxe":1,"minecraft:egg":1},"minecraft:crafted":{"minecraft:oak_planks":16,"minecraft:crafting_table":1,"minecraft:wooden_pickaxe":1,"minecraft:furnace":1,"minecraft:bucket":1,"minecraft:stone_axe":1,"minecraft:air":0,"minecraft:shield":1,"minecraft:stick":4,"minecraft:iron_ingot":8,"minecraft:iron_pickaxe":1,"minecraft:stone_pickaxe":1},"minecraft:used":{"minecraft:water_bucket":1,"minecraft:stone_pickaxe":94,"minecraft:oak_planks":3,"minecraft:wooden_pickaxe":3,"minecraft:leather_chestplate":1,"minecraft:sand":17,"minecraft:crafting_table":4,"minecraft:milk_bucket":3,"minecraft:bread":3,"minecraft:stone_axe":87,"minecraft:cobblestone":6,"minecraft:furnace":1,"minecraft:bucket":3},"minecraft:killed":{"minecraft:spider":1,"minecraft:sheep":4,"minecraft:skeleton":1,"minecraft:zombie":1,"minecraft:cow":6},"minecraft:killed_by":{"minecraft:skeleton":3},"minecraft:custom":{"minecraft:interact_with_furnace":8,"minecraft:mob_kills":13,"minecraft:interact_with_crafting_table":12,"minecraft:leave_game":1,"minecraft:time_since_death":28823,"minecraft:sleep_in_bed":1,"minecraft:climb_one_cm":2214,"minecraft:time_since_rest":13009,"minecraft:sprint_one_cm":95925,"minecraft:damage_taken":830,"minecraft:walk_one_cm":100351,"minecraft:drop":3,"minecraft:damage_dealt":1719,"minecraft:swim_one_cm":2192,"minecraft:talked_to_villager":2,"minecraft:fly_one_cm":252509,"minecraft:open_chest":5,"minecraft:crouch_one_cm":12583,"minecraft:play_time":37699,"minecraft:deaths":3,"minecraft:sneak_time":3639,"minecraft:walk_under_water_one_cm":2691,"minecraft:jump":836,"minecraft:walk_on_water_one_cm":7685,"minecraft:total_world_time":37699,"minecraft:fall_one_cm":45938}},"DataVersion":3465}